name;paper_count
Ali AARO;1
Abbey-Lee RN;1
Abbott JK;1
Aberson C;1
Aberson CL;2
Abler B;1
Aczel B;6
Adamian N;1
Adamkovic M;1
Adamkovič M;2
Adamus S;3
Adcock RA;1
Adetula GA;3
Adetula A;3
Adie P;1
Adiguzel A;2
Aditya Y;1
Adolfi FG;1
Adoric VC;3
Adıgüzel A;1
Afhami R;3
Agadullina E;3
Agartz I;1
Agarwal R;1
Agesin BB;1
Agesin BE;2
Aglioti SM;2
Aguirre LA;1
Ahlgren L;2
Ahlgren LP;1
Ahmadi H;1
Ahmed A;3
Ahn ER;2
Ahnström L;4
Aimbetov R;1
Akkas H;3
et al;2
Alaburda P;1
Alavi M;2
Alayan AJ;1
Albayrak-Aydemir N;3
Albers CJ;3
Albers C;1
Alcaraz C;1
Aleman A;1
Alfano M;2
Algermissen J;2
Alkattan D;1
Allen PJ;1
Allred TB;3
Almeida R;1
Almeida IAT;3
Almenberg AD;1
Aloni I;1
Alspaugh S;1
Alstott J;1
Altay S;1
Althoff T;2
Altman S;1
Altschul D;1
Alvarado-Yepez AJ;2
Alvarez DS;3
Alves SG;3
Alzahawi S;1
Amir Y;1
Amireh H;1
Andersen A;2
Anderson CJ;1
Andersson G;1
Andreassen OA;2
Andreasson A;2
Andreychik M R;1
Anjum G;3
Ankushev V;2
Anne M;3
Anseel F;2
Antazo B;2
Antazo BG;1
Antfolk J;3
Anthony M;1
Anthony F-V;1
Anton-Boicuk L;3
Antoniadi M;2
Anvari F;1
Appelgren A;1
Appelhoff S;2
Appiah OK;1
Apps MAJ;3
Arab Z;1
Arabi KAE;1
Arekar K;1
Argamon SE;1
Arinze AI;3
Arinze NC;3
Arnberg F;1
Arriaga P;3
Arshamian A;2
Arslan S;1
Aruta JJB;2
Arvaneh M;2
Arvanitis A;3
Arzi A;1
Asadli C;2
Asaduzzaman M;1
Ashar YK;1
Askelund AD;3
Aspromonti DA;1
Atari M;2
Atay SM;1
Atkins JW;1
Atkinson QD;1
Atkinson J;1
Auer T;1
Aust F;1
Austin CC;1
Avesani P;1
Awais M;1
Awuor FJ;2
Axelsson J;4
Axelsson E;1
Axfors C;3
Azab H;2
Azevedo F;5
Azouaghe S;3
Babiloni C;1
Babinčák P;2
Baccigotti A;1
Baczkowski BM;1
Badhwar A;1
Baguley T;1
Bahnik S;1
Bahník Š;1
Bai H;3
Baik J;1
Bailey NW;1
Baillet M;1
Baillet S;2
Baimel A;1
Bajracharya A;1
Bak Coleman JB;1
Bak-Coleman JB;1
Baker CM;1
Baklanova E;3
Bakst L;1
Balci BB;3
Balkaya-Ince M;1
Ball S;1
Ballantyne T;3
Balling LW;1
Balsamo M;1
Banik G;2
Banker S;2
Banks GC;1
Bansal S;1
Baník G;1
Baranger DAA;1
Barilari M;1
Barisano G;1
Barnett-Cowan M;1
Barr DJ;1
Barrett M;1
Barrios FA;1
Barros-Rivera B;1
Bartels DM;1
Bartos F;1
Barzykowski K;3
Basaglia P;2
Baskin E;3
Basnight-Brown DM;2
Bassil Y;1
Bastiaansen JA;1
Batres C;3
Bauer M;1
Bault N;1
Bauman CW;1
Bavolar J;3
Bayer JMM;1
Baždarić K;1
Beaton D;1
Beaudry JL;3
Becerra M;1
Becker RB;1
Becker M;3
Beffara B;1
Behzadnia B;3
Beitner J;5
Bejerot S;1
Belaus A;3
Bell K;1
Bello SK;1
Beltrachini L;1
Beltrán I;1
Benar CG;1
Bendall RCA;1
Bendixen T;1
Benedetti F;1
Bengtsson J;2
Benjamin D;1
Benning SD;1
Benoit RG;1
Berauer BJ;1
Berger S;2
Bergman Nordgren L;1
Berkebile-Weinberg MM;1
Berkebile-Wineberg MM;1
Berkessel JB;4
Bernardo M;2
Bernier A;2
Berniunas R;1
Bernstein A;1
Bertazzoli G;1
Bertin P;2
Bertram MG;1
Bertsch K;1
Beshears JE;3
Beste C;1
Bethlehem RAI;1
Betlehem R;2
Bezuidenhout L;1
Bhanji JP;1
Bhogawar S;1
Bialek M;2
Bialobrzeska O;5
Białek M;3
Bicarregui J;1
Bijlstra G;3
Bilgin IP;1
Billet MI;1
Billingsley J;1
Billman PD;1
Biro T;1
Biswal BB;1
Björkström N;1
Björnstedt M;3
Blair RW;1
Blaise E;1
Blake CK;1
Blake S;1
Bland A;1
Bland AR;1
Blaya-Burgo M;2
Bleize DNM;2
Bliard L;1
Bobadilla-Suarez S;1
Boecker L;2
Boehm U;1
Boelen L;1
Boesen K;1
Bogatyreva N;2
Boggio PS;2
Bokkour A;3
Bonisoli-Alquati A;1
Bonnet T;1
Borana R;1
Borau S;3
Boraxbekk C-J;1
Borck C;1
Bordes CNM;1
Borghesani V;1
Bortoletto M;1
Bortolini T;2
Bos B;2
Bosch J;2
Bosch-Bayard J;1
Bosco FA;1
Bose APH;1
Bosma MJ;2
Bottenhorn KL;2
Botterill-James T;1
Botvinik-Nezer R;3
Boucher L;2
Boudesseu J;1
Boudesseul J;2
Boudreau M;1
Bouguettaya A;2
Boulesteix A-L;1
Bourget M-H;1
Bowring A;1
Boyd MA;1
Boyle SA;1
Bozdoc AI;2
Bradfer-Lawrence T;1
Bradford DE;2
Bradford M;2
Bradham J;1
Brady WJ;1
Brady D;1
Braem S;1
Bran A;3
Brand JA;1
Brassard D;1
Brauer M;2
Bravo ON;2
Breitsohl H;1
Brembs B;1
Brengdahl MI;1
Bresser T;1
Bret A;1
Breuer J;1
Brick C;2
Briers RA;1
Bright J;1
Brik T;2
Briker R;2
Bringas-Vega ML;1
Bringmann LF;1
Brohmer H;2
Brooks HR;1
Brooks PP;1
Brooks TL;1
Brosch T;2
Brown RC;1
Brown FL;1
Brown J;1
Bruckner T;2
Brudner EG;1
Brumbaugh CC;1
Brunner R;1
Brunner E;1
Bruschettini M;1
Bublatzky F;1
Buchanan EM;4
Buchel O;2
Buczny J;1
Bulbulia J;1
Bulla M;1
Bundt C;3
Buonauro D;2
Burkhard O;1
Busch N;2
Busch NA;4
Bussière L;1
Butalia R;2
Butt MM;3
Penninx BWJH;1
Bylinina L;2
Bär K-J;1
Bélanger JJ;2
Bø S;2
Caballero S;1
Caballero-Gaudes C;1
Calderon CB;1
Caldwell AR;1
Calhoun VD;1
Calin-Jageman RJ;3
Calzada-Reyes A;1
Caman S;1
Cambon-Thomsen A;2
Camerer CF;1
Camerlenghi E;1
Camilleri JA;1
Campbell SE;1
Campos O;2
Campos LLF;1
Canela M-A;1
Capizzi M;3
Caquelin L;1
Caravaggi A;1
Carbonell KB;1
Cardoso P;1
Carlsson R;1
Carlsten;1
Carlucci L;1
Carmichael CL;1
Carnevali L;1
Carpentier J;3
Carroll CJW;1
Caruyer E;1
Carvacho H;2
Castelli FM;2
Castrellon JJ;1
Castrillo L;1
Cataldo AM;2
Catanach TA;1
Catlett T;1
Ceary CD;2
Cecchetti L;1
Cellini N;3
Cervenka S;1
Cesnaite E;2
Chakroff A;2
Chamberlain SAE;2
Chan CSR;1
Chan H-Y;2
Chandler J;1
Chapman H;1
Charles SJ;1
Chartier CR;4
Charyate ACA;1
Charyate AC;1
Charyate A;1
Chatard A;1
Chaumon M;1
Chee MWL;1
Chen S-C;3
Chen O;1
Chen Z;4
Chen X;1
Cheng W;1
Cheung F;2
Chik HYJ;1
Chiu F;3
Chopik WJ;3
Chou W;2
Chou W-L;1
Choupan J;1
Chow D;2
Choy ES;1
Christie AP;1
Christopher Benwell PD;1
Christopherson CD;1
Chuan-Peng H;3
Chuang A;1
Chunco AJ;1
Chung B;1
Chung D;2
Chylinski D;1
Cian L;2
Cieslik EC;1
Cimpian A;1
Claessens S;1
Clark M;1
Clark BL;1
Clayson PE;2
Clayton E;1
Clement P;1
Clemente E;1
Clemente EG;2
Cocco B;1
Cohen N;3
Cohen AL;1
Cohen MX;1
Cohen-Adad J;2
Cohen-Eick N;2
Cohn B;1
Cole ZJ;1
Cole J;1
Coles NA;3
Open Science Collaboration;1
The Crowdsourcing Hypothesis Tests Collaboration;1
McPhetres J Culture and Work Forecasting Collaboration;1
Hiring Decisions Forecasting Collaboration;1
Generalizability Tests Forecasting Collaboration;1
Psychological Science Accelerator Self-Determination Theory Collaboration;1
TARG Meta-Research Group & Collaborators;1
Collazo A;1
Collignon O;1
Colling LJ;1
Collins GS;1
Collins WM;3
Colloff MF;2
Brainhack Community;1
Constant M;1
Constantino S;1
Constantino SM;1
Contina A;1
Contreras-Huerta LS;2
Contu D;2
Coppock A;1
Cordes A;1
Corneyllie A;1
Corral-Frias NS;1
Corral-Frías NS;2
Correa PS;2
Correia RC;2
Costa AB;1
Cournia Z;1
Covernton GA;1
Cowan N;1
Cox RW;1
Cox MP;1
Coyle D;1
Craddock RC;1
Crawley F P;1
Cremata EJ;1
Cressman KA;1
Crick T;1
Cristea V;2
Critchley HD;1
Crone DL;1
Crook Z;1
Cross ES;1
Crotti M;1
Crouch CD;1
Cruse D;2
Cruz C;1
Cruz Vásquez JE;2
Csürös K;1
Cuguero-Escofet N;1
Cullen KR;1
Cummins J;1
Cunningham WA;2
Cunningham JL;1
Curran PG;1
Curtin M;1
Custer RM;1
Cutler J;2
Cyrus-Lai W;4
Czamanski-Cohen J;3
Czarnek G;3
Czeszumski A;1
Czoschke S;2
Czymara C;1
Cárcamo R;2
Cárcamo RA;1
D'Ambrosio S;1
D'Amelio PB;1
d'Angelo Ungson N;1
d'Onofrio P;2
D'Ottone S;2
D'Urso ED;1
da Costa LP;1
Dabrowski PW;1
Daches S;3
Dadi K;1
Dahlstrom O;1
Dai D;1
Dalgar I;3
Dalla Riva GV;1
Dalla Rosa A;1
Damnjanović K;2
Daniels S;1
Danielsson H;4
Danziger M;1
Darai-Ramqvist E;1
Davis CP;1
Davis WE;3
Dayan M;1
de Geus EJC;1
de Holanda Coelho GL;2
de Hollander G;1
De Keersmaecker J;2
de la Cruz F;1
de la Iglesia-Vayá M;1
De la Rosa-Gomez A;2
de la Rosa-Gómez A;1
de la Rubia EA;1
de la Vega A;1
de Lima DO;1
de Oliveira CL;1
De Ron J;1
de Silva N;1
de Sousa AA;1
de Souza CD;1
de Vries YA;1
Dean L;1
Dean KK;1
Deantoni M;1
DeBruine L;1
DeBruine LM;1
Del Carmen Tejada R M;1
Delcourt S;2
Delgado MR;1
Delgado LGJ;2
Delios A;2
Delis I;1
Della Penna N;1
Delorme A;2
Delouvée S;2
DeMarree K G;1
Demeter DV;1
Demetriou L;1
Dempfle A;1
Dennison JB;1
Derks K;1
Derungs C;1
Desai K;2
Devezer B;1
Devinsky O;1
DeVito NJ;2
Di X;1
Diallo G;1
Dickie EW;1
Diel K;2
Dik BJ;1
Dimitrova D;1
Ding IL;1
Dirnagl U;1
Disabato DJ;1
Dittasiri N;1
Dixson BJW;3
Djamai I;3
Djordjevic JM;1
Dobler R;1
Dobra K;8
Dobra K and Björnstedt M;1
Dobryakova E;1
Dobson AJ;1
Doell KC;2
Doherty JK;1
Doherty TS;1
Dohle S;1
Domurat A;3
Dondelinger F;1
Donkin C;1
Donnat CL;1
Donnellan MB;1
Dorison CA;3
Douglas BD;2
Doyle A;1
Draschkow D;1
Draws T;1
Dreber A;8
Dresler M;1
Drexler SM;3
Drobniak SM;1
Drouhot L;1
Drude NI;1
Drupp MA;2
Du H;3
Du X;2
Dube BT;1
Dubey S;2
Dubova M;1
Dubrov D;3
Duff EP;1
Duffy AG;1
Duflot T;1
Dujmovic M;1
Dujols O;2
Dukart J;1
Dumas G;2
Duncan NW;1
Duncan AB;1
Dunham Y;1
Dunleavy DJ;2
Dunleavy D;2
Dunn BM;1
Dunn RP;1
Dunning J;1
DuPre E;1
Durnez J;1
Dursun P;2
Dutilh G;1
Dutta T;1
Dziobek I;1
Döbert TF;1
d’Onofrio P;1
Earl E;1
Earp BD;1
Eberhart-Hertel L;1
Ebersole CR;4
Ebersole C;1
Ebert T;1
Edelsbrunner PA;2
Edens J;1
Eed A;1
Eerland A;1
Egan GF;1
Egroo MV;1
Ehinger BV;1
Eickhoff SB;2
Eickhoff CR;1
Eklund A;1
Ekmanis J;2
El Alaou Si;1
El Arabi KA;1
Elbaek CT;3
Elmore JA;1
Elsherif M;2
Elsherif MM;1
Elvsåshagen T;1
Engelhard IM;2
English HM;1
Enqvist M;1
Ensminger DC;1
Erhart A;1
Eriksson K;1
Ernst UR;1
Escher YA;2
Espinoza Barría MF;2
Esteban O;1
Esteban-Serna C;3
Estel V;1
Etabari Z;1
Etebari Z;1
Etienne TW;2
Eudave L;3
Evans T;1
Evans K;2
Evans AC;1
Evans TR;1
Evans N;1
Mundt F*;1
Fair D;1
Falk TH;1
Falkstedt D;3
Fang K;2
Farage L;2
Farahmand S;1
Farahmand H;1
Farias M;1
Farias AR;2
FatahModares S;2
Fedor A;1
Fedotov M;3
Feingold FW;1
Feist MI;1
Feldman M;1
Feldman G;3
Feliccia AA;1
Feng J;1
Ferger MD;1
Ferguson SM;1
Fernandes A;2
Fernandes A P;1
Fernandez-Juricic E;1
Ferreira A;3
Ferreira-Arruda T;1
Ferrell JD;1
Feuerriegel S;2
Fidler F;1
Fido D;1
Fieberg J;1
Field JG;1
Filip K;3
Finch EA;1
Findor A;5
Finley S;1
Fiorenza EA;1
Fischer H;11
Fischer K;1
Fischer R;1
Fischer NL;2
Fisher DN;1
Fisher-Thompson D;1
Fitneva SA;1
Flandin G;1
Flor H;1
Flores-Staino C;1
Flowe H;2
Fondberg R;1
Fontaine A;1
Fontanesi L;1
Forbes PAG;3
Foroni F;3
Forscher PS;3
Forstmeier W;1
Forsyth GAL;1
Foster‐Dingley JC;1
Fourcade Y;1
Fox NW;1
Fox N;1
Francis Z;1
Frank MC;3
Frank GS;1
Fransson P;3
Franzen D;1
Fraser HS;1
Fredrikson M;1
Freira L;2
Freund CA;1
Frias-Armenta M;2
Frick S;1
Fricke GM;1
Fried EI;1
Friede T;1
Friedemann M;2
Friedrich P;1
Friese M;2
Friesen A;1
Frisch LK;1
Fritz C;1
Frizzo T;2
Frommlet F;1
Frías-Armenta M;1
Fthenou E;1
Fu S;1
Fu CHY;2
Fuentes-Lillo E;1
Furmark T;1
Nilsonne G*;1
Gaebler M;1
Gains NP;2
Galassi A;1
Galindo-Caballero OJ;3
Gallagher A;1
Gallitto G;1
Galloway G;1
Gallyamova A;2
Galván A;1
Galán JGN;1
Gamer M;1
Gandy SL;1
Ganis G;2
Ganjgahi H;1
Gannon DG;1
Gantman A;1
Ganz M;1
Garcia EOL;2
Garcia L;1
García-Cervigón AI;1
Gardner N;1
Garner KG;1
Garretson AC;1
Garrison SM;1
Gau R;3
Gazda MA;1
Ge X;1
Geary WL;1
Geiger SJ;5
Geniole SN;2
Genon S;1
Genschow O;2
Geraldes D;1
Gerdin E;1
Gernsbacher MA;1
Gesing S;1
Geven L;1
Ghaderi A;1
Ghasemi O;1
Gholam J;1
Ghosh SS;2
Ghosh S;1
Giacomel A;1
Gialitaki Z;2
Gianaros PJ;1
Gianelli C;2
Gibbs N;2
Gielens E;1
Gill T;3
Gill BP;2
Gilles M;1
Gillman AG;1
Girndt A;1
Giummarra MJ;1
Gjoneska B;5
Gkinopoulos T;2
Glasberg A;1
Glatard T;1
Coelho GLDH;1
Gleeson P;1
Glerean E;1
Gligoric V;1
Gliksman D;1
Glińska-Neweś A;1
Gloy K;1
Gnambs T;1
Godbersen H;3
Goeman JJ;1
Goldberg B;2
Goldenberg A;4
Goldspiel HB;1
Goldstein P;1
Goldwert D;2
Golkar A;3
Golowin SAE;1
Gomes C;1
Gomes DGE;1
Gong Y;1
Gonzalez-Beltran A;1
Gonzalez-Marquez M;2
González-García C;1
Good MK;1
Gordon M;3
Gorgolewski KJ;2
Goslee SC;1
Gosnell JS;1
Gould E;1
Gourdon-Kanhukamwe A;3
Grabe HJ;1
Gradidge S;2
Grady CL;1
Grames EM;1
Gramfort A;1
Grand E;1
Grange JA;2
Grano C;3
Grassini S;2
Gratton P;1
Gray K;2
Grayson SJ;2
Graziotin D;1
Grebe NM;1
Green MA;1
Greenawalt B;1
Greenburgh A;2
Greening SG;1
Greenler SM;1
Gregory S;1
Grelle S;2
Greshake Tzovaras B;1
Grieve AP;1
Griffin SM;2
Griffioen M;1
Griffith SC;1
Griffith DM;1
Griffith FJ;1
Grigoryan L;2
Grigoryan A;2
Grigoryev D;5
Grinberg M;2
Grist J;1
Groenewold NA;1
Gronau QF;1
Gross JJ;2
Grossman JJ;1
Groyecka-Bernard A;3
Gruber J;2
Grzech K;2
Grüninger-Egli SL;1
Guassi Moreira JF;1
Guay S;2
Guendelman S;1
Guest O;1
Guggenberger R;1
Guidali G;1
Guilaran J;2
Gunnarsson D;1
Gururaj A;1
Gustavsson P;1
Géron C;1
Güncan A;1
Haaf J;1
Habib S;2
Habte R;1
Hadar B;2
Haesen S;1
Hagan JG;1
Hagel K;1
Hager HA;1
Hahn A;1
Hahnel UJJ;2
Hajdu N;4
Hakimi S;1
Halchenko YO;2
Hall MP;1
Haller B;1
Hallinan D;1
Halperin E;2
Hamilton JP;1
Hamilton HR;1
Hamilton DG;1
Hammarfjord O;1
Hamzah I;1
Han D;1
Hancock R;1
Handjaras G;1
Handwerker DA;1
Hanel PHP;5
Hardcastle N;1
Hardwicke TE;2
Hardy J;1
Hardy JH;1
Harrell F;1
Harris JP;1
Harrison ND;1
Harrower N;1
Harry BB;1
Hartanto A;3
Hartshorne JK;1
Harutyunyan M;3
Harvey AJ;2
Hasnain SS;1
Hassall CD;1
Hassan W;1
Hasselman F;2
Hasson U;1
Haugestad CAP;2
Havemann J;1
Havird JC;1
Hawco C;1
Hawk CE;1
He X;2
Heathers JAJ;1
Heaton AJ;1
Hedgebeth MV;2
Hedman-Lagerlöf E;3
Heer J;1
Heidari-Hamedari G;1
Heinsfeld AS;1
Held L;1
Helgesson G;2
Heller BH;1
Heller B;1
Hemkens LG;1
Hemmingson T;1
Henninger F;1
Herczeg L;1
Herholz P;3
Herman G;1
Herman AM;2
Hermes D;1
Herpertz SC;1
Herrera-Chaustre ML;1
Hershfield HE;2
Herting MM;1
Hesselberg J-O;1
Hettmer S;1
Heuer K;1
Heunis S;1
Higuita LMS;1
Hildebrand N;1
Hiley KE;1
Hilgard J;1
Hillerdal G;1
Himawan KK;1
Himichi T;2
Hine DW;2
Hinojosa JA;1
Hjerpe A;6
Ho TC;1
Hochard KD;1
Hoekstra R;2
Hofelich Mohr A;2
Hofer G;2
Hoffarth MR;1
Hoffman S;1
Hoffmann S;1
Hoffstaedter F;1
Hofmann W;2
Hogeveen J;1
Holding BC;1
Holford DL;3
Hollósi P;1
Holmes NP;1
Holmes S;1
Holzmeister F;3
Homman LE;1
Honey CJ;1
Hong AB;1
Hong SB;1
Hood D;1
Hoogeveen S;3
Hosseini M;1
Hostler TJ;3
Houenou J;1
House T;2
Houston R;1
Hoven MV;1
Howard TJ;1
Howe L;2
Howner K;2
Hoyer K;3
Hricova M;3
Hristova E;3
Hruška M;3
Hsu B-Y;1
Hsueh J;1
Hu C-P;1
Hu MX;1
Huaman-Chulluncuy ET;2
Huang L;1
Huang G;2
Huang J L;1
Hubena B;3
Huber J;3
Huber-Huber C;1
Huettel SA;1
Hughes ME;1
Hui KN;1
Huijser DC;1
Hultman KA;1
Humble M;1
Huneman P;1
Huntenburg JM;1
Huntington-Klein N;1
Huynh LDT;2
Högström J;1
Iacovella V;1
Iannarilli F;1
Igou E;1
Ihaya K;3
IJzerman H;4
Ike C;1
Ilag L;1
Ingendahl M;1
Ingre M;17
Ingvar M;3
Inkila H;1
Inman ML;1
Innis RB;1
Inzlicht M;1
Ioanas H-I;1
Ioannidis J;1
Ioannidis JPA;2
Iordan AD;1
Iranzo EC;1
Irungu B;1
Isager PM;5
Ishii T;5
Ishkhanyan B;2
Isik AI;1
Islam C-G;1
Isler O;1
Isotalus HK;1
Isung J;1
Ito A;2
Ivanov A;2
Ivanova EN;1
Iverson ENK;1
Ivry RB;1
Iwanir R;1
Iyer A;2
Izquierdo SM;2
Izydorczyk D;1
de Xivry J-JO;1
Jack BN;1
Jackson EA;2
Jaeger B;4
Jahanshad N;1
Jahn A;2
Janak A;2
Janak AP;1
Janiaud P;1
Janjić K;2
Janssen SMJ;3
Jaremka LM;3
Javaid A;1
Jenkins M;1
Jentschke S;1
Jerbi K;1
Jernsäther T;3
Jia ML;1
Jia F;2
Jiang LJ;1
Jiang X;2
Jimenez-Leal W;2
Jimoh SO;1
Jiménez-Leal W;2
JJ;1
Aruta JJBR;1
Johannes N;4
Johannesson M;9
Johansson E;1
Johansson C;1
Johnson DJ;1
Johnson MR;1
Johnson KA;1
Johnson DH;1
Johnsson M;1
Johnstone T;1
Jonas KJ;2
Jones S;1
Jones R;1
Jones MV;2
Jong J;2
Jorna J;1
Joseph MJE;1
Jost JT;2
Jovanović V;2
Joy-Gaba JA;2
Jucker T;1
Juliano AC;1
Jung MJ;1
Jung M;1
Jurgiel D;2
Jurković AP;2
Juszczyk K;1
Kabir M;1
Kable JW;1
Kadreva VH;2
Kaess M;1
Kaiser J;1
Kale A;1
Kalichman M;1
Kaliska L;3
Kaltwasser L;1
Kaltz O;1
Kamburidis J;2
Kamburidis JA;1
Kamdar J;1
Kamentsky L;1
Kaminski G;3
Kane D;1
Kankaanpää R;2
Kantorowicz J;2
Kantorowicz-Reznichenko E;2
Kaplan Mintz K;1
Kappes HB;3
Kappler G;1
Karaarslan C;3
Karababa A;3
Karakuzu A;1
Karashiali C;2
Karekla M;3
Karimi-Rouzbahani H;1
Karl JA;1
Karlsson S;1
Karshikoff B;1
Kassianos AP;3
Kassinopoulos M;1
Kaszubowski E;2
Katz BA;1
Katz DS;1
Kaufmann T;1
Kavanagh CM;1
Kawachi II;1
Kaya I;2
Kaya O;2
Kačergytė I;1
Kačmár P;3
Ke A;1
Keator DB;1
Kecklund G;9
Keefer LA;1
Keil A;2
Kelchtermans S;2
Kelly JM;1
Kelly CD;1
Kenny DA;1
Keogan K;1
Keppeler FW;1
Khabsa M;1
Khachatryan N;2
Khalil AA;1
Khan AR;1
Khaoudi A;3
Khazaie H;1
Khosla M;3
Kiar G;1
Kidwell MC;1
Kielińska J;3
Killion AK;1
Kim H;1
Kim D;1
Kincses B;1
Kindel AT;1
Kirchler M;3
Kirgizova K;2
Kiselnikova N;2
Klas A;2
Klas K;1
Klein O;1
Klein RA;1
Klein C;2
Kleinberg B;2
Klevjer K;2
Klimes-Dougan B;1
Klöckner CA;2
Kniffert S;2
Knight RT;1
Knowles ML;1
Knöchelmann M;1
Koba C;2
Kobeleva X;1
Kobold S;1
Kocalar HE;3
Kocevska D;1
Koch P;1
Kochan DP;1
Kochen S;1
Kochunov P;1
Koehn MA;3
Koelsch S;1
Koenig J;1
Kohlová MB;2
Kolczynska M;1
Koller D;1
Konat B;1
Kong X-Z;1
Konietschke F;1
Koppel L;2
Koptjevskaja-Tamm M;3
Korbmacher M;3
Korobova T;2
Korsten P;1
Kosachenko AI;2
Koscik TR;1
Koshmanova E;1
Kosic B;1
Kossowska M;3
Kotchoubey B;1
Kothari S;1
Kothe EJ;2
Kouara L;2
Kouros J;1
Kovalszky I;1
Kowal M;3
Kozma L;3
Kraepelien M;1
Krafnick AJ;3
Krasko J;1
Krauch M;1
Krause H;1
Krawczyk T;1
Krebs R;2
Krigolson OE;1
Kristiansson M;2
Kritzler S;1
Križanić V;2
Krosch AR;2
Krouwel APM;2
Krupić D;6
Krypotos A-M;2
Kucukboyaci NE;1
Kuhl BA;1
Kuhn H-G;1
Kulke L;1
Kumral D;1
Kung FYH;3
Kunisato Y;3
Kunkels YK;1
Kunst JR;3
Kupek S;1
Kuppler J;1
Kurfali MA;2
Kurfalı M;2
Kusch JM;1
Kushnir E;3
Kuzminska AO;3
Kyritsis T;1
Kyrychenko Y;2
Kácha O;5
König P;1
Teresi G l;1
L'Herpiniere K;1
Ladouceur C;1
Lager E;4
Lagisz M;1
Lagomarsino M;2
Lai CK;1
Laird AR;2
Lakbila‐Kamal O;1
Lakens D;1
Lalla KM;1
Lamers F;1
Lamm C;7
Landes TL;1
Landry AT;1
Landy JF;1
Lange F;2
Langer N;2
Langner R;1
Lao J;1
Larkin DJ;1
Larsen EG;1
Larson CL;1
Lau JC;1
Lauck KS;1
Lauharatanahirun N;1
Laukenmann R;1
Lauterbur ME;1
Lavbic D;1
Lavebratt C;2
Law W;2
Law A;1
Lazar A;1
Lazarevic LB;3
Lazari A;2
Leavitt K;1
Lee H;1
Lee S;1
Lee T-H;1
Lee RL;1
Lee JM;2
Lee Cunningham J;1
Leemans A;1
Leerssen J;1
Lees J;2
Leffel T;1
Legarreta JH;2
Legate N;1
Lehman BJ;1
Lekander M;21
Lembrechts JJ;1
Lenne RL;1
Leo A;1
Lerner JS;2
Lesage E;1
Leung TY;2
Levitan CA;4
Levitis E;1
Levy N;4
Lewis S;1
Lewis DMG;3
Lewis SC;2
Li F;1
Li MYC;1
Li M;2
Li R;3
Li A;1
Li X;1
Liesefeld HR;2
Lievens EJP;1
Lilienfeld S;1
Lim PC;1
Lim WY;1
Lima TJS;3
Lin F;1
Lin Y;2
Lin D;1
Lindberg O;1
Lindqvist D;1
Lindsay DS;1
Lindsay S;1
Lindsäter E;2
Lins S;3
Lintz EN;1
Liphardt SW;1
Lipp I;1
Lippé S;1
Liu Y;1
Liu;1
Liverani S;1
Lizárraga K;1
Ljunggren H-G;1
Lo RF;1
Lockwood PL;2
Lodder GMA;1
Lodder P;1
Lodin K;1
Loh B;1
Loken E;1
London RE;1
Long B;1
Longoni C;2
Lonsmann D;1
Lorenz J;1
Loschelder DD;2
Losecaat Vermeer AB;1
Lotze M;1
Love BC;2
Low JW;1
Lowicki P;1
Lu A;1
Lu JG;2
Lu H;1
Luca AD;1
Lucas RE;1
Lucas MY;2
Luck SJ;1
Luik AI;1
Luis EO;1
Lukavsky J;1
Luna LMR;1
Lund ML;1
Lundström J. N;1
Luo Y;2
Luomba J;2
Luque D;1
Luquet M;1
Lutz AE;2
Vogelsmeier LVDE;1
Ly A;1
Ly AL;1
Lynch KM;1
Léandri-Breton D-J;1
López Ortega A;1
Löfström E;1
Ma L;1
Maassen E;1
Macapagal PM;2
Macapagal PML;1
MacDonald K;2
MacDonald L;1
Machizawa MG;1
Mack ML;1
MacLeod R;1
MacNamara A;2
Macphie KH;1
Madan CR;3
Madan N;1
Madsen LH;1
Magellan K;1
Magyar-Russell GM;1
Maier M;1
Maimone C;1
BIDS Maintainers;1
Mair MM;1
Majeed NM;3
Majer JM;2
Makeig S;1
Makovac E;1
Maldonado MA;2
Mallik PR;3
van Assen MALM;3
Van Assen MALM;1
Malm LE;1
Malmberg K-J;1
Malpica N;1
Mammola S;1
Manavalan M;3
Mancini M;2
Mancke F;1
Mandeville CP;1
Mandl B;1
Manghi P;1
Mangin J-F;2
Mangold A;1
Manhart M;1
Manheim D;1
Manley H;2
Manrique-Garzon LM;1
Manske K;1
Manuck SB;1
Manunta E;3
Marcantoni E;1
Marchand P;1
Marcu GM;2
Marcu G-M;1
Marinov E;1
Marinova E;1
Marinovic W;1
Marins T;1
Markiewicz CJ;2
Marko D;2
Markowitz E;2
Marocchino A;1
Marsh DR;1
Marsh AA;2
Marshall A;1
Marshall TR;1
Marshall BM;1
Marshall CR;1
Marsman M;1
Marszalek M;2
Martin I;1
Martin SR;1
Martin AE;1
Martin CA;1
Martin DA;1
Martin JM;1
Martinez N;1
Martinez-Gamboa L;1
Martinie M;1
Martinig AR;1
Martončik M;3
Martoyo I;1
Martínez-Montes E;1
Marzuki AA;1
Mascarenhas KL;2
Mason SE;1
Masson I;1
Massoni S;3
Masuzzo P;1
Mather M;1
Mathew RK;1
Mathur M;1
Matskewich HE;1
Maturan PLG;3
Matzke D;2
Maumet C;2
Mauritsen AL;1
Mavon K;1
Mayo DG;1
Mazzamuto G;2
Mbilingi B;2
Mbungu W;2
McAleer P;1
McCallum ES;1
McCarthy RJ;1
McCarthy R;3
McCauley T;1
McCauley M;1
McConway K;1
McCullough M;1
McDevitt EA;1
McDonald K;1
McFall JP;1
McFarland C;1
McGrath C;1
McGuire JT;1
McHugh C;2
McKay R;1
McLain KL;1
McMahon CM;1
McNamara AA;2
McNeill M;1
McNew SM;1
Tejada Rivera MDCM;1
Tejada Rivera MDCMC;1
Means KK;1
Medeiros C;2
Meeten F;1
Cattaneo MEGV;1
Meijers MHC;2
Meiners SJ;1
Meinhardt MW;1
Meisler SL;1
Meixner JM;1
Melero H;1
Melin B;32
Melin M;3
Menkveld AJ;1
Mensink MC;3
Merchant JS;1
Mercier B;1
Mercier H;2
Merkling T;1
Mertens U;1
Messerschmidt J;2
Metin-Orta I;3
Metintas M;2
Meyer B;1
Meyer KN;1
Meyers N;1
Mhagama FL;2
Michalaki K;1
Michalakis K;1
Michel C;1
Michelangeli M;1
Micheli L;2
Micheloud C;1
Mietchen D;1
Mihai G;1
Mikkelsen M;1
Mikus N;2
Miller JK;4
Miller D;1
Miller K;1
Milliron S;1
Milliron SG;1
Millán JDR;1
Min J;1
Mintz KK;1
Mioni G;3
Miranda J;1
Miranda JF;1
Misiak M;3
Mitkidis P;3
Mitsis GD;1
Modena A;1
Mogler C;1
Mohamed Z;1
Moia S;1
Moiron M;1
Mokady A;3
Mola D;2
Moll J;1
Mon-Williams M;1
Monajem A;1
Monge-Rodríguez FS;2
Monin B;2
Montealegre A;1
Monteiro RP;3
Moon K;2
Moon JW;1
Moore KS;1
Moore B;1
Moore A;1
Mora YL;2
Morais MJ;2
Morales-Chacón L;1
Morales-Izquierdo S;1
Moran R;1
Moreau D;6
Moreira B;1
Morgan J;1
Mortensen J;1
Mos B;1
Mosannenzadeh F;3
Moshontz H;3
Motoki K;2
Moyano M;2
Muchembled F;3
Muda R;3
Mudrik L;1
Mueller B;1
Muench V;1
Mulinari S;1
Mullen E;1
Mumford JA;1
Muminov A;2
Munafò MR;2
Mundt F;3
Muraina TO;1
Murase T;1
Murphy J;1
Murphy PW;1
Murray-Rust P;1
Mus M;2
Muscatt G;1
Mushtaq F;2
Musser E;2
Musser ED;1
Muthuraman M;1
Muto V;1
Mutsaerts H;1
Mäntylä E;1
Månsson K;1
Månsson KNT;4
Méndez E;1
Méndez Leal AS;1
Naar R;1
Nadif K;2
Nagel C;1
Nagrani R;1
Nagy T;1
Nakagawa S;1
Nalborczyk L;1
Nantz E;1
Narayanaswamy S;1
Narbutas J;1
Naseeb C;1
Nasrullah Z;1
Nastase SA;1
Naudet F;1
Nauman R;1
Navajas J;2
Ndukaihe ILG;3
Neal L;1
Nedelcheva-Datsova M;3
Nees F;1
Neijenhuijs KI;1
Nejkovic V;1
Nell CS;1
Nelli L;1
Nelson AA;2
Neumann S;1
Newell BR;1
Nga L;1
Nguyen TL;2
Nguyen DM;2
Nguyen T;2
Nichols TE;2
Nielson DM;1
Niemelä P;1
Niemi L;2
Nightingale J;1
Nijssen SRR;2
Nikolaidis A;2
Nio AQX;1
Niso G;3
Nitschke JP;2
Noack P;1
Noble S;1
Nock NL;3
Nockur L;2
Nolan CR;1
Nolan R;1
Nolazco S;1
Noone C;3
Nooten SS;1
Norenzayan A;1
Norgaard M;1
Norton JO;2
Nosek BA;2
Notaro G;1
Notter MP;1
Novotny JL;1
Nuijten MB;1
Nyhus E;1
Nyström C;1
O'Brien CE;1
O'Connor D;1
O'Neil P;1
O'Shea K;1
Ocklenburg S;1
Ogbonnaya CE;3
Okell TW;1
Okura R;2
Olaya Torres AJ;1
Olin AB;1
Olita T;1
Oliveira R;3
Olivetti E;1
Olm E;1
Olofsson JK;3
Olsen A;1
Olsson A;3
Olsson N;2
Olsson-Collentine A;1
Onicas AI;1
Onie S;3
Oostenveld R;5
Oosterlinck M;2
Ordonez Acuna D;1
Ordoñez-Riaño S;1
Organ CL;1
Ort E;1
Ortega AL;1
Ortiz MS;2
Ortiz MV;2
Osnes B;1
Osorio RS;1
Ostermann T;3
Ostevik KL;1
Otner SMG;1
Ottaviani C;1
Otterbacher J;1
Ouherrou N;2
Overkott C;2
Oviedo L;1
Ozery DH;2
Očovaj SB;3
O’Callaghan VS;1
Pacheco-Mendoza J;1
Palacio FX;1
Palsetia D;1
Paltrow T;1
Paltrow TE;1
Palumbo H;2
Panagopoulos MC;1
Panagopoulos C;2
Panasiti MS;2
Pang J;1
Pantazi M;3
Papachristopoulos K;2
Papadatou-Pastou M;3
Papadopoulou Skarp F;1
Papale P;1
Paquet M;1
Parashar N;1
Paraskevas T;1
Paris B;3
Park PJ;1
Parker S;2
Parker TH;1
Parker DJ;1
Parsons S;1
Paruzel-Czachura M;5
Parzuchowski M;3
Pascall DJ;1
Pascarella A;2
Pasquarella VJ;1
Patel Y;2
Paterson JH;1
Patil KR;1
Paul K;1
Paulus W;1
Pavlacic JM;3
Pavlov YG;5
Pawel S;1
Pawelski JO;1
Pawlik M;1
Payo-Payo A;1
Payán-Gómez C;2
Pearson HI;1
Pearson AR;2
Pedder H;1
Pedersen KM;1
Peelle JE;1
Peetz HK;1
Pei Y;2
Penders B;1
Perakakis P;1
Pereira B;1
Pereira da Costa L;1
Perez G;1
Perillo JT;3
Pernet DC;1
Pernet CR;1
Pernet C;1
Perry KI;1
Pestilli F;1
Petr J;1
Petrovic P;10
Petrowsky HM;2
Pfabigan DM;1
Pfattheicher S;2
Pfeiffer T;4
Pfuhl G;4
Pham NT;2
Phillips C;1
Picciocchi C;1
Pickering B;2
Pickering JS;1
Pienta A;1
Pilecka N;1
Pineda LMS;2
Pinto IR;1
Pinto I;1
Pinus M;1
Piper SK;1
Pirutinsky S;1
Pischedda D;1
Pit IL;3
Plessow F;1
Pogatzki-Zahn EM;1
Poggiali D;1
Poldrack RA;3
Poletti S;1
Poline J-B;2
Polito V;1
Pollonini L;1
Polydoratou P;1
Ponizovskiy V;2
Ponzio A;1
Popović D;1
Porubanova M;1
Possmark S;1
Pottier P;1
Poudel GR;1
Poudel G;1
Poulin MJ;1
Pourafshari R;3
Pourret O;1
Pourtois G;2
Pozdniakov I;1
Prasad VV;1
Prenoveau JM;2
Pretus C;2
Priess-Buchheit J;2
Primbs MA;3
Prince MA;1
Proctor A;1
Pronizius E;5
Protzko J;2
Proulx MJ;1
Proulx R;1
Pruett JL;1
Prusova I;2
Pryor C;1
Prystauka Y;1
Psomopoulos F;1
Puce A;1
Puoliväli T;2
Purzycki BG;1
Putter JQ;1
Pálfi B;1
Pärnamets P;2
Pérez A;1
Pérez LC;2
Pöntinen S;2
Pöntinen SJ;1
Qiu L;1
Quinn KA;1
Quintana DS;1
Raamana PR;1
Rabelo A;1
Rachev NR;3
Radell ML;1
Radtke T;3
Radun I;2
Radun J;2
Rahal R-M;3
Raittio E;1
Ramakrishnan S;1
Ramananjato V;1
Rampp S;1
Ramsay JE;1
Rana K;2
Randimbiarison FT;1
Rathje S;2
Rausch M;1
Ray J;1
Ray S;1
Razafindratsima OH;1
Russo RDFSM;1
Reeck C;3
Rees VW;2
Reesen JE;1
Reggev N;3
Regina C;1
Reid G;1
Reimann R;2
Reinelt J;1
Reinero DA;1
Reips U-D;3
Remarque EJ;1
Ren P;1
Ren D;3
Renberg A;2
Reneman L;1
Rennes S;2
Rennison DJ;1
Rera M;1
Reuter-Lorenz PA;1
Reyna C;2
Reynolds J;1
Reynolds RC;1
Reyt J-N;1
Reyt M;1
Rhoads SA;3
Riano-Moreno J;2
Ribeiro RR;3
Ribeiro MFF;3
Ricaurte DZ;2
Ricciardi E;1
Richard KL;2
Richter I;2
Ricker AA;1
Riddle T;1
Rieck JR;1
Riecken LB;1
Riedl L;1
Riemann D;1
Rieskamp J;1
Ringsten M;1
Ritter P;1
Riva F;1
Rivalan M;1
Riyahi S;1
Rizzo G;1
Berkers RMWJ;1
Roast MJ;1
Robbins KA;1
Robbins K;1
Roberts AJ;1
Robinson E;1
Robinson D;1
Rocha FP;1
Roche DG;1
Rockhill AP;1
Roczniewska M;3
Rodriguez-Cuadrado S;1
Rodriguez-Thompson AM;1
Rogers C;2
Rojas-Berscia LM;2
Rokem A;2
Romanova M;2
Romyn A;1
Román-Palacios C;1
Ropovik I;4
Rorden C;1
Rosa AD;3
Rosa-Sullivan J;2
Rosenberg JM;1
Rosenberg MS;1
Rosenzweig I;1
Ross RM;6
Ross J;1
Rossini PM;1
Rostampour M;1
Roszak P;1
Rothen S;1
Rothman AJ;2
Routier A;1
Rowe R;1
Rowland FE;1
Roxas JCT;1
Roy N;1
Rugemalila D;1
Ruiz-Fernandez S;1
Ruiz-Fernández S;2
Rundlöf A-K;3
Russell AL;1
Russo Carroll S;1
Ruuskanen S;1
Ruzzoli M;2
Ryan RM;1
Rêgo GG;2
Röer JP;5
Rück C;2
Saarelainen S-MK;1
Saberi A;1
Sabherwal A;2
Saborit-Torres JM;1
Sacakli A;2
Saccone P;1
Sadeh A;1
Saito T;2
Sakaki M;1
Sakon JJ;1
Salazar SM;1
Sales K;1
Salganik MJ;1
Salholz-Hillel M;1
Salmón P;1
Salo T;2
Samanez-Larkin GR;1
Samojlenko L;2
Samuel J;1
Sandström MS;1
Sansone S-A;1
Santos AC;3
Santos LP;1
Santostefano F;1
Sanz-Morales E;1
Sarafoglou A;3
Saribay SA;1
Sarieva I;2
Sarrasin O;2
Sarıoğuz E;2
Sasaki JY;1
Sass S;1
Say N;5
Saçaklı A;1
Schaefer A;1
Schaumans CBC;1
Schaumans C;1
Schei V;3
Scherer J;1
Schiel J;1
Schilling HT;1
Schirner M;1
Schivinski B;1
Schlichting ML;1
Schmid K;2
Schmidt K;4
Schmidt C;1
Schmidt N-D;3
Schmidt B;1
Schmidt M;1
Schmitt MC;1
Schmitt MT;2
Schmoll T;1
Schneider IK;1
Schneider AC;1
Schnitker SA;1
Schnuerch M;1
Schoenegger P;2
Scholz C;2
Schonberg T;2
Schrantee A;1
Schreiner MW;1
Schreiner MR;1
Schrock AE;1
Schroeder J;1
Schrötter J;3
Schtickzelle N;1
Schug MG;2
Schulenberg SE;1
Schulreich S;2
Schulte-Mecklenbeck M;1
Schultz DH;1
Schultz NL;1
Schulz-Kuempel H;1
Schumann A;1
Schumann P;2
Schuster A;1
Schuttengruber V;1
Schwab S;1
Schwarz J;7
Schweinsberg M;4
Schönbrodt F;1
Sciberras E;1
Scott DA;1
Scroggie MP;1
Searston R;2
Sebben S;1
Seehuus M;3
Segalowitz SJ;1
Segelcke D;1
Segerstrom SC;1
Selenius M;1
Selvaraju M;1
Senderecka M;2
Sennerstam V;1
Seryczynska B;1
Shanahan H;1
Shanks D;1
Shanks DR;1
Shapiro JT;1
Shariatgorji M;1
Sharifian M;3
Sharma N;2
Sharma G;1
Shearer CL;1
Shen Q;1
Sheridan MA;1
Shine JM;1
Shjoedt U;1
Shotwell G;1
Shreedhar G;2
Shrike BT;1
Shuman E;2
Siebert M;2
Siems R;1
Silan MA;2
Silan MAA;1
Silberzahn R;2
Silk TJ;1
Silva JR;3
Silvers JA;1
Sim K;1
Simonovic N;2
Simons DJ;2
Simsek M;1
Simón D;1
Singer G;2
Sinkolova S;2
Sirota M;3
Sitvarin MI;1
Sitz L;1
Sivan S;2
Sjoerds Z;1
Sjåstad H;2
Skagerlund K;1
Skarzynski M;1
Skupien FL;1
Sleegers WWA;1
Slinn HL;1
Smevik H;1
Smith SG;1
Smith A;1
Smith DV;1
Smith ER;1
Smith RE;1
Smith GP;1
Smith JA;1
Smits T;1
Småbrekke L;1
Snellman K;1
Snyder JS;1
Soares A;1
Soares JC;1
Sokol-Hessner P;1
Solas SÁ;2
Soliman M;2
Sollmann R;1
Solorzano CS;3
Someren EV;1
Sommer SA;1
Song X;2
Soop A;1
Sorjonen K;36
Sorokowska A;3
Sorokowski P;3
Soto JA;3
Soud K;2
Souri P;1
Sousa D;3
Sowden W;1
Sowden WJ;1
Spampatti T;2
Spanagel R;1
Sparkman G;2
Spasovski O;2
Spath M;1
Specht K;1
Spellman BA;2
Spiegelhalder K;1
Spies JR;2
Spisak T;1
Sporlein C;1
Sprenger J;1
Sreekumar V;1
Srinivasan N;1
St-Jean S;1
Staniaszek K;1
Stanley OW;1
Stanley SK;2
Starns JJ;1
Staub N;1
Stedden W;2
Stegmann Y;1
Stein A;1
Stein DJ;1
Steiner T;1
Steinkamp SR;1
Steltenpohl CN;1
Stenhouse N;1
Stephen ID;3
Steptoe-Warren G;1
Stern JA;2
Stieger S;4
Still SM;1
Stocks J;1
Stodden V;1
Stoev P;2
Stoevenbelt AH;2
Stoffel MA;1
Stojanovska M;2
Stojanovska D;2
Stojanovski J;1
Stoltzman S;1
Storage D;3
Storage DS;1
Storbeck J;1
Stoyanova A;2
Strahm N;2
Straub J;1
Strech D;1
Strobl C;1
Strohminger N;1
Strzebonska K;1
Stuber S;1
Stuber EF;1
Studzinska A;3
Su R;1
Subbaiah S;1
Suchow JW;3
Suditu I;1
Suko Y;2
Sul S;2
Sula I;1
Sulik J;1
Suljic T;1
Sullivan GB;1
Sun X;1
Sunami N;3
Sundelin T;1
Susi T;1
Suter L;3
Sutherland CAM;2
Sutherland CA;1
Sutton GF;1
Suwartono C;1
Svanborg C;1
Sverdrup TE;3
Svärdman F;1
Swallow B;1
Swann NC;1
Swiatkowski W;1
Syropoulos S;3
Szabelska A;2
Szala A;3
Szaszi B;6
Szecsi P;1
Szilák L;1
Szinte M;1
Szulkin A;2
Szwed P;3
Sánchez-Tójar A;1
Söderholm A;1
Sörman K;2
Sørensen L;1
Taber J;2
Taff CC;1
Tahmasian M;1
Tajchman Z;2
Takerkart S;2
Takola E;1
Talwar P;1
Tamm S;17
Tamnes CK;4
Tan H;1
Tanentzap AJ;1
Tappin BM;1
Tarjuelo R;1
Tashjian SM;1
Tatachari S;3
Tatman R;1
Tay L;1
Taylor NC;2
Tedaldi E;2
Telford RJ;1
Tenbusch M;1
Tennant J;1
Terskova M;2
Tessler MH;1
Thai M;1
Thawley CJ;1
Thayer JF;1
Theodoropoulou A;2
Thi Nguyen T-V;1
Thibault RT;1
Thibault Landry A;1
Thibodeau PH;1
Thierry H;1
Thirion B;2
Thomas AG;4
Thommesen KK;2
Thompson N;1
Thompson B;1
Thompson PM;1
Thomson J;1
Thorp JN;1
Thuné H;1
Thuné HÅ;1
Thurn CM;1
Tidau S;1
Tierney W;4
Tinghög G;3
Tisdall L;1
Todorova B;2
Todsen AL;3
Toelch U;1
Tognoli E;1
Tomkins S;1
Tompkins EM;1
Tompson SH;1
Topor M;2
Torabian S;1
Åkerstedt Torbjörn;1
Toro R;1
Toro M;2
Toro-Serey C;1
Torralba J;1
Torre Tresols JJ;1
Torres AO;1
Torres AJO;1
Tortorelli CM;1
Torunsky N;2
Toussaint P-J;1
Tovani-Palone MR;1
Tozzi L;1
Trachana V;1
Tran US;3
Travaglino GA;5
Trlica A;1
Truong V;1
Trübutschek D;3
Tsakiris M;2
Tuerlinckx F;1
Tullett AM;3
Turella L;1
Turnell BR;1
Tuthill SD;1
Tworek CM;1
Tyrala M;2
Tzanakakis G;1
Tümer M;3
Tüter İ;2
Ubani B;1
Uhlmann EL;5
Uhlmann E;1
Uhlmann E L;1
Uhlmansiek M;1
Ullein A-M;1
Uluğ ÖM;2
Urban J;3
Urban L;1
Urbanek A;2
Uribe-Tirado A;1
Urooj A;3
Urriago-Rayo J;1
Urry HL;2
Uruñuela E;1
Urwitz M;1
Uttley J;3
Uusberg A;1
Vadillo MA;1
Vaidis DC;3
Valdes-Sosa M;1
Valdes-Sosa P;1
Valdivia A;1
Valentova JV;2
Valk SL;1
Valko D;2
Vally Z;3
Vugt MK van;1
van 't Veer AE;1
van Aert RCM;2
Van Aert RCM;1
van Assen MA;1
Van Bavel JJ;3
Van Calster B;1
Van Cappellen P;1
Van de Vondel S;1
van de Woestijne GB;1
van den Akker OR;3
van den Bergh D;2
van den Bosch JJF;1
Van Den Bossche S;1
van den Broek KL;2
Van der Cruyssen I;1
van der Hulst M;1
van der Linden S;2
van der Mee DJ;1
van der Molen MJW;1
Van der Noll J;1
van der Wal JEM;1
van Dongen NN;1
van Dongen NNN;2
van Doorn JB;1
Van Doren N;3
Van Eeckhoven J;1
van Elk M;1
van Harmelen A-L;1
Van Lissa CJ;1
van Loon M;1
van Mulukom V;1
van Oordt F;1
van Ravenzwaaij D;3
van Schie K;5
van Steenkiste IMM;2
van Stekelenburg A;3
van Velzen LS;1
van Zyl CJJ;1
Vanags E;2
Vanaman M;1
Vanderwel KM;1
Vanderwel MC;1
Vanderwolf KJ;1
Vandewalle G;1
Vanpaemel W;3
Varella MAC;2
Vargas-Nieto JC;2
Varoquaux GP;1
Varoquaux G;1
Vasilev MR;3
Vaugh L A;1
Vaughn LA;4
Vdovic M;3
Vega D;3
Venegas MCT;1
Veniero D;1
Ventura-Bort C;1
Verbruggen F;3
Vergara-Florez DC;1
Verguts T;1
Verharen JPH;3
Verona E;2
Verrelli BC;1
Verschuere B;1
Vesely S;2
Vesk PA;1
Vettel JM;1
Vezirian K;3
Viana L;1
Vianello M;2
Vieira L;3
Vieira MV;1
Viganola D;5
Vijayarajah S;1
Vilanova F;1
Vilar R;3
Vilares I;3
Villamil N;1
Villeseche F;1
Villringer A;1
Vilsmeier JK;3
Vinding MC;2
Vintr J;5
Vishkin A;1
Vitale A;1
vitale A;1
Vitali V;1
Vlasceanu M;2
Vlasceanu D;2
Vloeberghs R;1
Vo K;1
Voelkl B;1
Vogel V;1
Vogelbacher C;1
Vollering J;1
Volz L;3
von Bastian CC;3
von Lüttichau I;1
Voracek M;4
Vos R;1
Voytek B;2
Vranka M;4
Vranka MA;1
Vračar S;1
Vrkic D;1
Västfjäll D;2
Vélez J;1
Völzke H;1
Wachowicz J;1
Wadsworth WD;1
Wagenmakers E-J;4
Walco D;1
Walczak RB;3
Walker J;1
Walker XJ;1
Wall MB;1
Wallert J;2
Wallin R;1
Wallin AS;1
Walter M;1
Walter JA;1
Wanders F;1
Wang H;1
Wang H-T;1
Wang K;3
Wang C;2
Wang Y;1
Wanguche PO;2
Warmelink L;3
Waryszak P;1
Wasik A;1
Wassing R;1
Wasylewski MT;1
Watanabe S;1
Watson DR;1
Watts K;1
Weaver RJ;1
Weber FD;1
Wedegärtner REM;1
Wedekind L;1
Weeda WD;1
Wei L;1
Weihs A;1
Weis S;1
Weisser V;1
Weissgerber TL;1
Welke D;2
Weller DL;1
Wells JD;1
Welzel J;1
Wendt J;1
Wessel J;1
Westerlund M;3
Westgate EC;3
Westlye LT;2
Weymar M;1
Whelan S;1
Whelpley CE;1
White DJ;1
White CJM;1
White RL;1
Whitney KS;1
Whitt CM;2
Wicherts J;2
Wichman AL;3
Wiebach J;1
Wiebels K;1
Wiechert S;1
Wielgus M;2
Wieschowski S;1
Wilcke JC;1
Willer R;2
Willett ZZ;1
Williams MN;1
Williams SE;1
Williams DR;1
Willis M;2
Willis ML;1
Wills J;1
Willén RM;1
Wilson JP;2
Wilson M;1
Wiltshire A;1
Winkelmann T;1
Winska J;1
Wisniewski D;1
Witkowiak M;1
Witvliet CVO;1
Wiwad D;1
Wojcik AD;2
Wolfe K;3
Wolfson DW;1
Wolkowitz O;1
Wolmer N;1
Won A;1
Wood A;1
Worthington S;1
Wright MJ;1
Wu G-R;1
Wu L;1
Wu M-J;1
Wu T;1
Wuyts R;1
Wyber S;1
Wylie J;1
Xiao Q;3
Xie X;1
Xifra-Porxas A;1
Xu X;1
Xu R;2
Xygalatas D;1
Yadav A;2
Yam KC;1
Yamada Y;3
Yanco SW;1
Yang X;2
Yang L;1
Yang Y-F;3
Yao E;2
Yao D;1
Yarkoni T;4
Yearling EA;1
Yen JDL;1
Yeo DJ;1
Yerunkar S;1
Yeung SK;3
Yildirim H;1
Yilmaz O;1
Yip A;1
Yoo HJ;1
Yoon EJ;1
Yoon S;1
Youngflesh C;2
Yovcheva N;1
Yu J-C;1
Yu K;3
Yuan R;1
Yucebalkan C;1
Yuen KSL;1
Zabel C;1
Zak N;1
Zakharov I;4
Zambrano D;1
Zandian A;1
Zarei M;1
Zarzeczna N;1
Zavalis E;1
Zawisza M;2
Zdybek P;2
Zdybek PM;1
Zhang L;2
Zhang X;1
Zhao Y;1
Zhao X;2
Zhao J;2
Ziano I;4
Zibman C;1
Zickfeld J;2
Zickfeld JH;1
Zijlmans J;1
Zilio G;1
Zimmer C;1
Zimmerman GM;1
Zitomer RA;1
Zong F;1
Zorjan S;3
Zosky JE;1
Zrimsek M;2
Zsido AN;3
Zuni K;1
Zwaan RA;1
Åkerstedt T;11
Çoksan S;3
Öner S;2
Özdoğru AA;5
Čadek M;3
Đorđević JM;2
Šakan D;2
Šakan DD;1
Škorić L;2
Štrukelj E;3
Żuk D;2
Žuro B;3
